ABBA,
Q-Tip,Male
Housemartins,
Ace Of Base,
Qntal,
Howard Jones,Male
Quarashi,
Adam Sandler,Male
Human League,
Quarterflash,
Adele,Female
Ian Hunter,Male
Quasi,
Aerosmith,
Ice Cube,Male
Air Supply,
Queen,
Idina Menzel,Female
Queen Adreena,
Aiza Seguerra,Female
Iggy Pop,Male
Queen Latifah,Female
Alabama,
Il Divo,
Queens Of The Stone Age,
Alan Parsons Project,
Imagine Dragons,
Queensryche,
Aled Jones,Male
Imago,
Quicksand,
Alice Cooper,Male
Imperials,
Quicksilver Messenger Service,
Alice In Chains,
Incognito,
Quiet Riot,
Alison Krauss,Female
Incubus,
Quietdrive,
Allman Brothers Band,
Independence Day,
Quincy Jones,Male
Alphaville,
Indiana Bible College,
Quincy Punx,
America,
Indigo Girls,
R. Kelly,Male
Amy Grant,Female
Ingrid Michaelson,Female
Radiohead,
Andrea Bocelli,Male
Inna,Female
Raffi,Male
Andy Williams,Male
Insane Clown Posse,
Rage Against The Machine,
Annie,Female
Inside Out,
Ariana Grande,Female
Rainbow,
INXS,
Ariel Rivera,Male
Rammstein,
Iron Butterfly,
Ramones,
Arlo Guthrie,Male
Iron Maiden,
Arrogant Worms,
Randy Travis,Male
Avril Lavigne,Female
Rascal Flatts,
Irving Berlin,Male
Backstreet Boys,
Isley Brothers,
Ray Boltz,Male
Barbie,Female
Ray Charles,Male
Israel,
Barbra Streisand,Female
Reba Mcentire,Female
Israel Houghton,
Beach Boys,
Red Hot Chili Peppers,
Iwan Fals,Male
Regine Velasquez,Female
J Cole,Male
The Beatles,
Jackson Browne,Male
Beautiful South,
Religious Music,
Rem,
James Taylor,Male
Beauty And The Beast,
Reo Speedwagon,
Janis Joplin,Female
Bee Gees,
Richard Marx,Male
Jason Mraz,Male
Bette Midler,Female
Rick Astley,Male
Jennifer Lopez,Female
Bill Withers,Male
Rihanna,Female
Billie Holiday,Female
Jim Croce,Male
Robbie Williams,Male
Jimi Hendrix,Male
Billy Joel,Male
Rod Stewart,Male
Jimmy Buffett,Male
Bing Crosby,Male
Rolling Stones,
John Denver,Male
Black Sabbath,
Roxette,
Blur,
John Legend,Male
Roxy Music,
John Martyn,Male
Bob Dylan,Male
Roy Orbison,Male
John McDermott,Male
Bob Marley,Male
Rush,
Bob Rivers,Male
John Mellencamp,Male
Sam Smith,Other
Bob Seger,Male
John Prine,Male
Santana,
John Waite,Male
Bon Jovi,
Savage Garden,
Boney M.,
Johnny Cash,Male
Scorpions,
Bonnie Raitt,Female
Joni Mitchell,Female
Selah,
Bosson,Male
Jose Mari Chan,Male
Selena Gomez,Female
Bread,
Joseph And The Amazing Technicolor Dreamcoat,
Sia,Female
Britney Spears,Female
Josh Groban,Male
Side A,
Bruce Springsteen,Male
Journey,
Slayer,
Bruno Mars,Male
Joy Division,
Smiths,
Bryan White,Male
Judas Priest,
Snoop Dogg,Male
Judds,
Cake,
Soundgarden,
Carly Simon,Female
Judy Garland,Female
Spandau Ballet,
Justin Bieber,Male
Carol Banawa,Female
Squeeze,
Justin Timberlake,Male
Carpenters,
Starship,
Cat Stevens,Male
Kanye West,Male
Status Quo,
Kari Jobe,Female
Celine Dion,Female
Steely Dan,
Kate Bush,Female
Chaka Khan,Female
Steve Miller Band,
Katy Perry,Female
Cheap Trick,
Stevie Ray Vaughan,Male
Cher,Female
Keith Green,Male
Chicago,
Stevie Wonder,Male
Keith Urban,Male
Sting,Male
Children,
Kelly Clarkson,Female
Stone Roses,
Kelly Family,
Chris Brown,Male
Kenny Chesney,Male
Stone Temple Pilots,
Chris Rea,Male
Styx,
Christina Aguilera,Female
Kenny Loggins,Male
Sublime,
Christina Perri,Female
Kenny Rogers,Male
Supertramp,
Christmas Songs,
Kid Rock,Male
System Of A Down,
Christy Moore,Male
The Killers,
Talking Heads,
Chuck Berry,Male
Kim Wilde,Female
Taylor Swift,Female
Cinderella,
King Crimson,
Tears For Fears,
Clash,
King Diamond,
Cliff Richard,Male
The Temptations,
Kinks,
Coldplay,
Ten Years After,
Kirk Franklin,Male
Cole Porter,Male
The Broadways,
Kirsty Maccoll,Female
Conway Twitty,Male
The Script,
Kiss,
Counting Crows,
The Weeknd,Male
Koes Plus,
Creedence Clearwater Revival,
Thin Lizzy,
Korn,
Tiffany,Female
Crowded House,
Kris Kristofferson,Male
Tim Buckley,Male
Culture Club,
Kyla,Female
Tim McGraw,Male
Cyndi Lauper,Female
Kylie Minogue,Female
Tina Turner,Female
Dan Fogelberg,Male
Lady Gaga,Female
Tom Jones,Male
Dave Matthews Band,
Lana Del Rey,Female
David Allan Coe,Male
Lata Mangeshkar,Female
Tom Lehrer,Male
David Bowie,Male
Lauryn Hill,Female
Tom T. Hall,Male
David Guetta,Male
Lea Salonga,Female
Tom Waits,Male
Leann Rimes,Female
David Pomeranz,Male
Tool,
Lenny Kravitz,Male
Dean Martin,Male
Tori Amos,Female
Leo Sayer,Male
Death,
Toto,
Leonard Cohen,Male
Deep Purple,
Townes Van Zandt,Male
Les Miserables,Male
Def Leppard,
Tracy Chapman,Female
Lil Wayne,Male
Demi Lovato,Female
Tragically Hip,
Linda Ronstadt,Female
Depeche Mode,
Train,
Linkin Park,
Devo,
Travis,
Lionel Richie,Male
Dewa 19,
Twenty One Pilots,
Little Mix,
Diana Ross,Female
U. D. O.,
Little Walter,Male
Dire Straits,
U-Kiss,
LL Cool J,Male
Divine,Male
U2,
Lloyd Cole,Male
Dolly Parton,Female
UB40,
Loretta Lynn,Female
Don Henley,Male
Ufo,
Lou Reed,Male
Don McLean,Male
Ugly Kid Joe,
Louis Armstrong,Male
Don Moen,Male
Ultramagnetic Mc's,
Louis Jordan,Male
Donna Summer,Female
Ultravox,
Lucky Dube,Male
Doobie Brothers,
Uncle Kracker,Male
Luther Vandross,Male
Doors,
Uncle Tupelo,
Lynyrd Skynyrd,
Doris Day,Female
Underoath,
Madonna,Female
Drake,Male
Underworld,
Manowar,
Dream Theater,
Unearth,
Mariah Carey,Female
Dusty Springfield,Female
Ungu,
Eagles,
Marianne Faithfull,Female
Unkle,
Ed Sheeran,Male
Marillion,
Unknown,
Marilyn Manson,
Eddie Cochran,Male
Unseen,
Electric Light Orchestra,
Mark Ronson,Male
Unwritten Law,
Ella Fitzgerald,Female
Maroon 5,
Uriah Heep,
Ellie Goulding,Female
Mary Black,Female
Used,
Elton John,Male
Matt Monro,Male
Usher,Male
Elvis Costello,Male
Matt Redman,Male
Utada Hikaru,Female
Elvis Presley,Male
Mazzy Star,
Utopia,
Eminem,Male
Mc Hammer,Male
Van Halen,
Emmylou Harris,Female
Meat Loaf,Male
Van Morrison,Male
Engelbert Humperdinck,Male
Megadeth,
Vanessa Williams,Female
Enigma,
Men At Work,
Vangelis,Male
Enrique Iglesias,Male
Metallica,
Vanilla Ice,Male
Enya,Female
Michael Bolton,Male
Velvet Underground,
Eppu Normaali,
Michael Buble,Male
Vengaboys,
Erasure,
Michael Jackson,Male
Venom,
Michael W. Smith,Male
Vera Lynn,Female
Eric Clapton,Male
Migos,
Vertical Horizon,
Erik Santos,Male
Miley Cyrus,
Veruca Salt,
Etta James,Female
Misfits,
Verve,
Europe,
Modern Talking,
Vince Gill,Male
Eurythmics,
The Monkees,
Violent Femmes,
Evanescence,
Everclear,
Virgin Steele,
Moody Blues,
Morrissey,Male
Everlast,Male
Vonda Shepard,Female
Mud,
Vybz Kartel,Male
Exo,
'n Sync,
Exo-K,
Walk The Moon,
Extreme,
Wanda Jackson,Female
Nat King Cole,Male
Wang Chung,
Fabolous,Male
Natalie Cole,Female
Warren Zevon,Male
Face To Face,
Natalie Grant,Female
W.A.S.P.,
Faces,
Natalie Imbruglia,Female
Waterboys,
Faith Hill,Female
Nazareth,
Waylon Jennings,Male
Faith No More,
Ne-Yo,Male
Ween,
Falco,Male
Neil Diamond,Male
Weezer,
Neil Sedaka,Male
Fall Out Boy,
Weird Al Yankovic,Male
Fastball,
Neil Young,Male
Westlife,
Fatboy Slim,Male
New Order,
Wet Wet Wet,
Fifth Harmony,
Next To Normal,
Wham!,
Nick Cave,Male
Fiona Apple,Female
Whiskeytown,
Nick Drake,Male
Fleetwood Mac,
The White Stripes,
Nickelback,
Flo-Rida,Male
Whitesnake,
Nicki Minaj,Female
Foo Fighters,
Nightwish,
Whitney Houston,Female
Foreigner,
Nina Simone,Female
Who,Male
Frank Sinatra,Male
Nine Inch Nails,
Frank Zappa,Male
Widespread Panic,
Nirvana,
Frankie Goes To Hollywood,
Will Smith,Male
Willie Nelson,Male
Frankie Laine,Male
Nitty Gritty Dirt Band,
Noa,Female
Wilson Phillips,
Frankie Valli,Male
Wilson Pickett,Male
NOFX,
Freddie Aguilar,Male
Wishbone Ash,
Norah Jones,Female
Freddie King,Male
Within Temptation,
Notorious B.I.G.,Male
Free,
Wiz Khalifa,Male
Freestyle,
O-Zone,
Wu-Tang Clan,
Fun.,
O.A.R.,
Wyclef Jean,Male
Oasis,
X,
Ocean Colour Scene,
X Japan,
Offspring,
X-Raided,Male
Ofra Haza,Female
X-Ray Spex,
Oingo Boingo,
X-Treme,
Old 97's,
Xandria,
Oliver,Male
Xavier Naidoo,Male
Olivia Newton-John,Female
Xavier Rudd,Male
Olly Murs,Male
Xentrix,
Omd,
Xiu Xiu,
One Direction,
Xscape,
OneRepublic,
XTC,
Opeth,
Xzibit,Male
Orphaned Land,
Gary Numan,Male
Yazoo,
Oscar Hammerstein,Male
Yeah Yeah Yeahs,
Gary Valenciano,Male
Otis Redding,Male
Yelawolf,Male
Genesis,
Our Lady Peace,
Yello,
George Formby,Male
Outkast,
Yellowcard,
George Harrison,Male
Overkill,
Yeng Constantino,Female
George Jones,Male
Owl City,Male
Yes,
George Michael,Male
Ozzy Osbourne,Male
YG,Male
George Strait,Male
Passenger,Male
Ying Yang Twins,
Gino Vannelli,Male
Pat Benatar,Female
Yngwie Malmsteen,
Gipsy Kings,
Patsy Cline,Female
Glee,
Yo Gotti,Male
Patti Smith,Female
Glen Campbell,Male
Yo La Tengo,
Paul McCartney,Male
Gloria Estefan,Female
Yoko Ono,Female
Paul Simon,Male
Yolanda Adams,Female
Pearl Jam,
Gloria Gaynor,Female
Yonder Mountain String Band,
GMB,Male
Perry Como,Male
You Am I,
Gordon Lightfoot,Male
Pet Shop Boys,
Peter Cetera,Male
Young Buck,Male
Grand Funk Railroad,
Grateful Dead,
Peter Gabriel,Male
Young Dro,Male
Peter Tosh,Male
Grease,Male
Young Jeezy,Male
Youngbloodz,
Great Big Sea,
Pharrell Williams,Male
Green Day,
Youth Of Today,
Phil Collins,Male
Yukmouth,Male
Gucci Mane,Male
Phineas And Ferb,
Yung Joc,Male
Guided By Voices,
Phish,
Guns N' Roses,
Pink Floyd,
Yusuf Islam,Male
Pitbull,Male
Halloween,
Z-Ro,Male
Planetshakers,
Hank Snow,Male
Zac Brown Band,
P!nk,Female
Hank Williams,Male
Zakk Wylde,Male
Pogues,
Hank Williams Jr.,Male
Zao,
Hanson,
Point Of Grace,
Zayn Malik,Male
Happy Mondays,
Poison,
Zebra,Male
Pretenders,
Harry Belafonte,Male
Zebrahead,
Primus,
Harry Connick, Jr.,Male
Zed,
Heart,
Prince,Male
Zero 7,
Helloween,
Proclaimers,
Zeromancer,
High School Musical,
Procol Harum,
Ziggy Marley,Male
Puff Daddy,
Hillsong,
Zoe,
Q-Tip,Male
Hillsong United,
Zoegirl,
Qntal,
HIM,
Zornik,
Quarashi,
Hollies,
Zox,
Quarterflash,
Hooverphonic,
Zucchero,Male
Quasi,
Horrible Histories,
Zwan,
Queen,
Housemartins,
ZZ Top,
Queen Adreena,
Howard Jones,Male
Ace Of Base,
Queen Latifah,Female
Human League,
Adam Sandler,Male
Queens Of The Stone Age,
Ian Hunter,Male
Adele,Female
Queensryche,
Ice Cube,Male
Aerosmith,
Quicksand,
Idina Menzel,Female
Air Supply,
Quicksilver Messenger Service,
Iggy Pop,Male
Aiza Seguerra,Female
Quiet Riot,
Il Divo,
Quietdrive,
Alabama,
Imagine Dragons,
Quincy Jones,Male
Alan Parsons Project,
Imago,
Quincy Punx,
Aled Jones,Male
Imperials,
Alice Cooper,Male
R. Kelly,Male
Incognito,
Radiohead,
Alice In Chains,
Incubus,
Alison Krauss,Female
Raffi,Male
Independence Day,
Allman Brothers Band,
Rage Against The Machine,
Indiana Bible College,
Alphaville,
Rainbow,
Indigo Girls,
America,
Rammstein,
Ingrid Michaelson,Female
Amy Grant,Female
Ramones,
Inna,Female
Andrea Bocelli,Male
Randy Travis,Male
Insane Clown Posse,
Andy Williams,Male
Rascal Flatts,
Inside Out,
Annie,Female
Ray Boltz,Male
INXS,
Ariana Grande,Female
Ray Charles,Male
Iron Butterfly,
Ariel Rivera,Male
Reba Mcentire,Female
Iron Maiden,
Arlo Guthrie,Male
Red Hot Chili Peppers,
Irving Berlin,Male
Arrogant Worms,
Regine Velasquez,Female
Isley Brothers,
Avril Lavigne,Female
Religious Music,
Israel,
Rem,
Backstreet Boys,
Israel Houghton,
Reo Speedwagon,
Barbie,Female
Iwan Fals,Male
Richard Marx,Male
Barbra Streisand,Female
J Cole,Male
Rick Astley,Male
Beach Boys,
Jackson Browne,Male
Rihanna,Female
The Beatles,
The Jam,
Robbie Williams,Male
Beautiful South,
James Taylor,Male
Rod Stewart,Male
Beauty And The Beast,
Janis Joplin,Female
Rolling Stones,
Bee Gees,
Jason Mraz,Male
Roy Orbison,Male
Bette Midler,Female
Jennifer Lopez,Female
Rush,
Bill Withers,Male
Jim Croce,Male
Sam Smith,Other
Billie Holiday,Female
Jimi Hendrix,Male
Santana,
Billy Joel,Male
Jimmy Buffett,Male
Savage Garden,
Bing Crosby,Male
John Denver,Male
Scorpions,
Black Sabbath,
John Legend,Male
Selah,
Blur,
John Martyn,Male
Selena Gomez,Female
Bob Dylan,Male
John McDermott,Male
Sia,Female
Bob Marley,Male
John Mellencamp,Male
Side A,
Bob Rivers,Male
John Prine,Male
Slayer,
Bob Seger,Male
John Waite,Male
Smiths,
Bon Jovi,
Johnny Cash,Male
Snoop Dogg,Male
Boney M.,
Joni Mitchell,Female
Soundgarden,
Bonnie Raitt,Female
Jose Mari Chan,Male
Soundtracks,Male
Bosson,Male
Josh Groban,Male
Spandau Ballet,
Bread,
Journey,
Squeeze,
Britney Spears,Female
Joy Division,
Starship,
Bruce Springsteen,Male
Judas Priest,
Status Quo,
Bruno Mars,Male
Judds,
Steely Dan,
Bryan White,Male
Judy Garland,Female
Steve Miller Band,
Cake,
Justin Bieber,Male
Stevie Ray Vaughan,Male
Carly Simon,Female
Justin Timberlake,Male
Stevie Wonder,Male
Carol Banawa,Female
Kanye West,Male
Sting,Male
Carpenters,
Kari Jobe,Female
Stone Roses,
Cat Stevens,Male
Kate Bush,Female
Stone Temple Pilots,
Celine Dion,Female
Katy Perry,Female
Styx,
Chaka Khan,Female
Keith Green,Male
Sublime,
Cheap Trick,
Supertramp,
Keith Urban,Male
Cher,Female
Kelly Clarkson,Female
System Of A Down,
Chicago,
Talking Heads,
Kelly Family,
Children,
Taylor Swift,Female
Kenny Chesney,Male
Chris Brown,Male
Tears For Fears,
Kenny Loggins,Male
Chris Rea,Male
Christina Aguilera,Female
Kenny Rogers,Male
The Temptations,
Christina Perri,Female
Ten Years After,
Kid Rock,Male
Christmas Songs,
The Broadways,
The Killers,
Christy Moore,Male
The Script,
Kim Wilde,Female
Chuck Berry,Male
King Crimson,
The Weeknd,Male
Cinderella,
King Diamond,
Thin Lizzy,
Clash,
Tiffany,Female
Kinks,
Cliff Richard,Male
Tim Buckley,Male
Kirk Franklin,Male
Coldplay,
Tim McGraw,Male
Kirsty Maccoll,Female
Tina Turner,Female
Kiss,
Conway Twitty,Male
Tom Jones,Male
Koes Plus,
Counting Crows,
Tom Lehrer,Male
Korn,
Creedence Clearwater Revival,
Tom T. Hall,Male
Kris Kristofferson,Male
Crowded House,
Tom Waits,Male
Kyla,Female
Culture Club,
Tool,
Kylie Minogue,Female
Cyndi Lauper,Female
Lady Gaga,Female
Dan Fogelberg,Male
Tori Amos,Female
Lana Del Rey,Female
Dave Matthews Band,
Toto,
David Allan Coe,Male
Lata Mangeshkar,Female
Townes Van Zandt,Male
Lauryn Hill,Female
David Bowie,Male
Tracy Chapman,Female
Lea Salonga,Female
David Guetta,Male
Tragically Hip,
Leann Rimes,Female
David Pomeranz,Male
Train,
Lenny Kravitz,Male
Dean Martin,Male
Travis,
Death,
Leo Sayer,Male
Twenty One Pilots,
Leonard Cohen,Male
Deep Purple,
U. D. O.,
Les Miserables,Male
Def Leppard,
U2,
Lil Wayne,Male
Demi Lovato,Female
UB40,
Linda Ronstadt,Female
Depeche Mode,
Ufo,
Linkin Park,
Devo,
Ugly Kid Joe,
Dewa 19,
Lionel Richie,Male
Ultramagnetic Mc's,
Diana Ross,Female
Ultravox,
Little Mix,
Dire Straits,
Uncle Kracker,Male
Little Walter,Male
Divine,Male
Uncle Tupelo,
LL Cool J,Male
Dolly Parton,Female
Underoath,
Lloyd Cole,Male
Underworld,
Don Henley,Male
Lorde,Female
Unearth,
Don McLean,Male
Loretta Lynn,Female
Ungu,
Don Moen,Male
Lou Reed,Male
Unkle,
Donna Summer,Female
Louis Armstrong,Male
Unknown,
Doobie Brothers,
Louis Jordan,Male
Unseen,
Doors,
Lucky Dube,Male
Unwritten Law,
Doris Day,Female
Luther Vandross,Male
Uriah Heep,
Drake,Male
Lynyrd Skynyrd,
Used,
Dream Theater,
Madonna,Female
Usher,Male
Dusty Springfield,Female
Manowar,
Utada Hikaru,Female
Eagles,
Mariah Carey,Female
Ed Sheeran,Male
Utopia,
Marianne Faithfull,Female
Van Der Graaf Generator,
Eddie Cochran,Male
Marillion,
Electric Light Orchestra,
Van Halen,
Marilyn Manson,
Ella Fitzgerald,Female
Vanessa Williams,Female
Mark Ronson,Male
Vangelis,Male
Ellie Goulding,Female
Vanilla Ice,Male
Elton John,Male
Maroon 5,
Elvis Costello,Male
Mary Black,Female
Various Artists,
Velvet Underground,
Matt Monro,Male
Elvis Presley,Male
Vengaboys,
Eminem,Male
Matt Redman,Male
Venom,
Emmylou Harris,Female
Mazzy Star,
Vera Lynn,Female
Mc Hammer,Male
Engelbert Humperdinck,Male
Enigma,
Meat Loaf,Male
Vertical Horizon,
Megadeth,
Enrique Iglesias,Male
Veruca Salt,
Men At Work,
Verve,
Enya,Female
Metallica,
Eppu Normaali,
Vince Gill,Male
Erasure,
Michael Bolton,Male
Violent Femmes,
Eric Clapton,Male
Michael Buble,Male
Virgin Steele,
Erik Santos,Male
Michael Jackson,Male
Vonda Shepard,Female
Etta James,Female
Michael W. Smith,Male
Vybz Kartel,Male
Europe,
Migos,
Walk The Moon,
Eurythmics,
Miley Cyrus,
Wanda Jackson,Female
Evanescence,
Misfits,
Wang Chung,
Everclear,
Modern Talking,
Warren Zevon,Male
Everlast,Male
The Monkees,
W.A.S.P.,
Exo,
Moody Blues,
Waterboys,
Extreme,
Morrissey,Male
Waylon Jennings,Male
Fabolous,Male
Mud,
Ween,
'n Sync,
Weezer,
Weird Al Yankovic,Male
Nat King Cole,Male
Westlife,
Natalie Cole,Female
Wet Wet Wet,
Natalie Grant,Female
Wham!,
Natalie Imbruglia,Female
Whiskeytown,
Nazareth,
Ne-Yo,Male
The White Stripes,
Neil Diamond,Male
Whitesnake,
Neil Sedaka,Male
Whitney Houston,Female
Neil Young,Male
Who,Male
New Order,
Widespread Panic,
Next To Normal,
Will Smith,Male
Nick Cave,Male
Willie Nelson,Male
Faith Hill,Female
Nick Drake,Male
Wilson Phillips,
Faith No More,
Nickelback,
Wilson Pickett,Male
Falco,Male
Nicki Minaj,Female
Wishbone Ash,
Fall Out Boy,
Nightwish,
Within Temptation,
Fastball,
Nina Simone,Female
Wiz Khalifa,Male
Fatboy Slim,Male
Nine Inch Nails,
Wu-Tang Clan,
Fifth Harmony,
Nirvana,
Wyclef Jean,Male
Fleetwood Mac,
Nitty Gritty Dirt Band,
X,
Flo-Rida,Male
Noa,Female
X Japan,
Foo Fighters,
NOFX,
X-Raided,Male
Foreigner,
Norah Jones,Female
X-Ray Spex,
Frank Sinatra,Male
Notorious B.I.G.,Male
Xandria,
O-Zone,
Xavier Rudd,Male
O.A.R.,
Xentrix,
Oasis,
Xiu Xiu,
Ocean Colour Scene,
Xscape,
Offspring,
XTC,
Ofra Haza,Female
Xzibit,Male
Oingo Boingo,
Yazoo,
Old 97's,
Yeah Yeah Yeahs,
Oliver,Male
Yelawolf,Male
Olivia Newton-John,Female
Yello,
Olly Murs,Male
Yellowcard,
Omd,
Yeng Constantino,Female
One Direction,
Yes,
Frankie Goes To Hollywood,
OneRepublic,
YG,Male
Frankie Laine,Male
Opeth,
Ying Yang Twins,
Frankie Valli,Male
Yngwie Malmsteen,
Orphaned Land,
Freddie Aguilar,Male
Yo Gotti,Male
Oscar Hammerstein,Male
Freddie King,Male
Yo La Tengo,
Otis Redding,Male
Free,
Our Lady Peace,
Yoko Ono,Female
Freestyle,
Out Of Eden,
Yolanda Adams,Female
Fun.,
Outkast,
Yonder Mountain String Band,
Garth Brooks,Male
Overkill,
You Am I,
Gary Numan,Male
Owl City,Male
Young Buck,Male
Gary Valenciano,Male
Ozzy Osbourne,Male
Young Dro,Male
Passenger,Male
Genesis,
Young Jeezy,Male
George Formby,Male
Pat Benatar,Female
Youngbloodz,
Patsy Cline,Female
George Harrison,Male
Youth Of Today,
Patti Smith,Female
George Jones,Male
Yukmouth,Male
Paul McCartney,Male
George Michael,Male
Yung Joc,Male
George Strait,Male
Paul Simon,Male
Yusuf Islam,Male
Gino Vannelli,Male
Pearl Jam,
Z-Ro,Male
Perry Como,Male
Gipsy Kings,
Zac Brown Band,
Glee,
Pet Shop Boys,
Zakk Wylde,Male
Glen Campbell,Male
Peter Cetera,Male
Zao,
Gloria Estefan,Female
Peter Gabriel,Male
Zayn Malik,Male
Zazie,Female
Peter Tosh,Male
Gloria Gaynor,Female
Zebra,Male
GMB,Male
Pharrell Williams,Male
Zebrahead,
Gordon Lightfoot,Male
Phil Collins,Male
Ziggy Marley,Male
Grand Funk Railroad,
Phineas And Ferb,
Zwan,
D,o
Grateful Dead,
Phish,
Grease,Male
Pink Floyd,
Great Big Sea,
Pitbull,Male
Green Day,
Planetshakers,
Gucci Mane,Male
P!nk,Female
Guided By Voices,
Pogues,
Guns N' Roses,
Point Of Grace,
Halloween,
Poison,
Hank Snow,Male
Pretenders,
Hank Williams,Male
Primus,
Prince,Male
Proclaimers,
Procol Harum,
Puff Daddy,
D,o
Hanson,
Happy Mondays,
Harry Belafonte,Male
Harry Connick, Jr.,Male
Heart,
Helloween,
High School Musical,
Hillsong,
Hillsong United,
HIM,
Hollies,
Hooverphonic,
Horrible Histories,
